word,code,full_code
абстрагировать,2.3.2.1,2.3.2.1.2.1.
абстрагироваться,2.3.2.1,2.3.2.1.2.1.
алкать,2.3.2.3,2.3.2.3.3.
ассигновать,2.3.2.3,2.3.2.3.1.4.
ассоциировать,2.3.2.1,2.3.2.1.2.1.
балдеть,2.3.2.2,2.3.2.2.4.2.2.
бесить,2.3.2.2,2.3.2.2.2.3.6.2.
беситься,2.3.2.2,2.3.2.2.2.3.7.1.
беспокоить,2.3.2.2,2.3.2.2.2.3.5.2.
беспокоиться,2.3.2.2,2.3.2.2.2.3.5.1.
благоволить,2.3.2.2,2.3.2.2.2.2.3.1.1.
благоговеть,2.3.2.2,2.3.2.2.2.2.2.1.
благословить,2.3.2.3,2.3.2.3.1.7.1.
блаженствовать,2.3.2.2,2.3.2.2.3.1.1.
блуждать,2.3.2.1,2.3.2.1.2.3.
боготворить,2.3.2.2,2.3.2.2.2.2.2.1.
болеть,2.3.2.1,2.3.2.1.4.2.
болеть,2.3.2.2,2.3.2.2.2.3.5.1.
бояться,2.3.2.1,2.3.2.1.2.5.
бояться,2.3.2.2,2.3.2.2.2.3.5.1.
браться,2.3.2.3,2.3.2.3.1.4.
бредить,2.3.2.1,2.3.2.1.2.4.2.
брезгать,2.3.2.2,2.3.2.2.2.3.2.1.
бродить,2.3.2.1,2.3.2.1.2.3.
будить,2.3.2.2,2.3.2.2.2.1.1.2.
будоражить,2.3.2.2,2.3.2.2.2.3.5.2.
валить,2.3.2.3,2.3.2.3.1.5.
вверить,2.3.2.3,2.3.2.3.1.5.
вдохновить,2.3.2.2,2.3.2.2.2.2.1.2.
вдохновить,2.3.2.3,2.3.2.3.2.1.
вдохновиться,2.3.2.2,2.3.2.2.2.1.1.1.
вдохнуть,2.3.2.2,2.3.2.2.2.1.1.2.
вдуматься,2.3.2.1,2.3.2.1.2.2.
ведать,2.3.2.1,2.3.2.1.3.1.
ведать,2.3.2.1,2.3.2.1.3.2.
ведать,2.3.2.1,2.3.2.1.3.3.
велеть,2.3.2.3,2.3.2.3.1.1.
велеть,2.3.2.3,2.3.2.3.1.5.
верить,2.3.2.1,2.3.2.1.1.
верить,2.3.2.1,2.3.2.1.6.1.
верить,2.3.2.1,2.3.2.1.6.3.
вериться,2.3.2.1,2.3.2.1.6.1.
вернуть,2.3.2.3,2.3.2.3.1.3.
веровать,2.3.2.1,2.3.2.1.1.
веровать,2.3.2.1,2.3.2.1.6.1.
веселеть,2.3.2.2,2.3.2.2.4.3.
веселить,2.3.2.2,2.3.2.2.2.2.1.2.
веселиться,2.3.2.2,2.3.2.2.2.2.1.1.
взбелениться,2.3.2.2,2.3.2.2.2.3.7.1.
взвалить,2.3.2.3,2.3.2.3.1.5.
взвесить,2.3.2.1,2.3.2.1.2.2.
взвесить,2.3.2.1,2.3.2.1.2.6.
взвинтить,2.3.2.2,2.3.2.2.2.3.5.2.
взвиться,2.3.2.2,2.3.2.2.2.3.7.1.
взволноваться,2.3.2.2,2.3.2.2.2.1.1.1.
взглянуть,2.3.2.1,2.3.2.1.4.1.
вздумать,2.3.2.3,2.3.2.3.3.
вздуматься,2.3.2.3,2.3.2.3.3.
вздыхать,2.3.2.2,2.3.2.2.2.2.2.1.
вздыхать,2.3.2.2,2.3.2.2.3.4.1.
взирать,2.3.2.1,2.3.2.1.2.6.
взорвать,2.3.2.2,2.3.2.2.2.3.7.2.
взорваться,2.3.2.2,2.3.2.2.2.3.7.1.
взыграть,2.3.2.2,2.3.2.2.2.1.1.1.
видеть,2.3.2.1,2.3.2.1.2.1.
видеть,2.3.2.1,2.3.2.1.2.4.2.
видеть,2.3.2.1,2.3.2.1.3.1.
видеться,2.3.2.1,2.3.2.1.2.4.1.
видеться,2.3.2.1,2.3.2.1.2.5.
витать,2.3.2.1,2.3.2.1.2.4.2.
влечь,2.3.2.1,2.3.2.1.4.2.
влюбить,2.3.2.2,2.3.2.2.2.2.2.2.
влюбиться,2.3.2.2,2.3.2.2.2.2.2.1.
вникнуть,2.3.2.1,2.3.2.1.2.2.
вникнуть,2.3.2.1,2.3.2.1.3.3.
внушить,2.3.2.3,2.3.2.3.2.2.
внять,2.3.2.1,2.3.2.1.3.3.
вогнать,2.3.2.3,2.3.2.3.1.2.2.
вожделеть,2.3.2.3,2.3.2.3.3.
возбудить,2.3.2.2,2.3.2.2.2.1.1.2.
возбуждаться,2.3.2.2,2.3.2.2.2.1.1.1.
возвратить,2.3.2.3,2.3.2.3.1.3.
возгореться,2.3.2.2,2.3.2.2.2.1.1.1.
воздействовать,2.3.2.3,2.3.2.3.2.2.
воздержаться,2.3.2.3,2.3.2.3.1.8.
возжаждать,2.3.2.3,2.3.2.3.3.
возжелать,2.3.2.3,2.3.2.3.3.
возжечь,2.3.2.2,2.3.2.2.2.1.1.2.
возликовать,2.3.2.2,2.3.2.2.2.2.1.1.
возложить,2.3.2.3,2.3.2.3.1.5.
возлюбить,2.3.2.2,2.3.2.2.2.2.2.1.
возмечтать,2.3.2.1,2.3.2.1.2.4.2.
возмутить,2.3.2.2,2.3.2.2.2.3.7.2.
возмутиться,2.3.2.2,2.3.2.2.2.3.7.1.
вознамериться,2.3.2.3,2.3.2.3.1.4.
вознегодовать,2.3.2.2,2.3.2.2.2.3.7.1.
возненавидеть,2.3.2.2,2.3.2.2.2.3.1.
возрадоваться,2.3.2.2,2.3.2.2.2.2.1.1.
возразить,2.3.2.3,2.3.2.3.1.7.2.
волновать,2.3.2.2,2.3.2.2.2.1.1.2.
волноваться,2.3.2.2,2.3.2.2.2.1.1.1.
вообразить,2.3.2.1,2.3.2.1.2.1.
вообразить,2.3.2.1,2.3.2.1.2.4.1.
воодушевить,2.3.2.2,2.3.2.2.2.1.1.2.
воодушевиться,2.3.2.2,2.3.2.2.2.1.1.1.
вооружить,2.3.2.2,2.3.2.2.2.3.2.2.
воротить,2.3.2.3,2.3.2.3.1.3.
ворошить,2.3.2.1,2.3.2.1.5.1.
воспалиться,2.3.2.2,2.3.2.2.2.1.1.1.
воспламенить,2.3.2.2,2.3.2.2.2.1.1.2.
воспламениться,2.3.2.2,2.3.2.2.2.1.1.1.
воспретить,2.3.2.3,2.3.2.3.1.6.2.
воспринять,2.3.2.1,2.3.2.1.3.3.
воспрянуть,2.3.2.2,2.3.2.2.2.2.1.1.
воспылать,2.3.2.2,2.3.2.2.2.1.1.1.
восторгаться,2.3.2.2,2.3.2.2.2.2.1.1.
восхищать,2.3.2.2,2.3.2.2.2.2.1.2.
восхищаться,2.3.2.2,2.3.2.2.2.2.1.1.
восхотеть,2.3.2.3,2.3.2.3.3.
восчувствовать,2.3.2.2,2.3.2.2.1.
впечатлять,2.3.2.1,2.3.2.1.5.1.
впивать,2.3.2.1,2.3.2.1.5.1.
впитать,2.3.2.1,2.3.2.1.3.3.
впитать,2.3.2.1,2.3.2.1.5.1.
врезаться,2.3.2.1,2.3.2.1.5.1.
врезаться,2.3.2.2,2.3.2.2.2.2.2.1.
вручить,2.3.2.3,2.3.2.3.1.5.
вскрыть,2.3.2.1,2.3.2.1.3.1.
вспомнить,2.3.2.1,2.3.2.1.5.1.
вспомниться,2.3.2.1,2.3.2.1.5.1.
вспомянуть,2.3.2.1,2.3.2.1.5.1.
вспугнуть,2.3.2.3,2.3.2.3.1.2.1.3.
вспылить,2.3.2.2,2.3.2.2.2.3.7.1.
вспыхнуть,2.3.2.2,2.3.2.2.2.1.1.1.
вспыхнуть,2.3.2.2,2.3.2.2.2.3.6.1.
встретить,2.3.2.1,2.3.2.1.3.1.
вторить,2.3.2.3,2.3.2.3.1.7.1.
втюриться,2.3.2.2,2.3.2.2.2.2.2.1.
выбрать,2.3.2.3,2.3.2.3.1.4.
выбросить,2.3.2.3,2.3.2.3.1.2.1.1.
выведать,2.3.2.1,2.3.2.1.3.2.
вывести,2.3.2.1,2.3.2.1.2.1.
вывести,2.3.2.1,2.3.2.1.3.3.
выгнать,2.3.2.3,2.3.2.3.1.2.1.1.
выдворить,2.3.2.3,2.3.2.3.1.2.1.1.
выдержать,2.3.2.3,2.3.2.3.1.3.
выдержать,2.3.2.3,2.3.2.3.4.
выдерживать,2.3.2.3,2.3.2.3.1.3.
выдерживать,2.3.2.3,2.3.2.3.4.
выдумать,2.3.2.1,2.3.2.1.2.4.1.
выдюжить,2.3.2.3,2.3.2.3.4.
выживать,2.3.2.3,2.3.2.3.1.2.1.1.
выжить,2.3.2.3,2.3.2.3.1.2.1.1.
вызвать,2.3.2.3,2.3.2.3.1.3.
вызнать,2.3.2.1,2.3.2.1.3.2.
вызывать,2.3.2.3,2.3.2.3.1.3.
выкурить,2.3.2.3,2.3.2.3.1.2.1.1.
вынести,2.3.2.1,2.3.2.1.3.3.
вынести,2.3.2.3,2.3.2.3.4.
выносить,2.3.2.1,2.3.2.1.3.3.
вынудить,2.3.2.3,2.3.2.3.1.3.
выпереть,2.3.2.3,2.3.2.3.1.2.1.1.
выпроводить,2.3.2.3,2.3.2.3.1.2.1.1.
высадить,2.3.2.3,2.3.2.3.1.2.1.1.
выслать,2.3.2.3,2.3.2.3.1.2.1.1.
выставить,2.3.2.3,2.3.2.3.1.2.1.1.
выставить,2.3.2.3,2.3.2.3.1.5.
выстоять,2.3.2.3,2.3.2.3.1.8.
выстрадать,2.3.2.2,2.3.2.2.2.3.4.1.
вытерпеть,2.3.2.3,2.3.2.3.4.
вытребовать,2.3.2.3,2.3.2.3.1.1.
вытребовать,2.3.2.3,2.3.2.3.1.2.2.
вычислить,2.3.2.1,2.3.2.1.2.5.
вычислить,2.3.2.1,2.3.2.1.3.3.
вышвырнуть,2.3.2.3,2.3.2.3.1.2.1.1.
вышибить,2.3.2.3,2.3.2.3.1.2.1.1.
выявить,2.3.2.1,2.3.2.1.3.1.
выяснить,2.3.2.1,2.3.2.1.3.2.
гадать,2.3.2.1,2.3.2.1.2.5.
глодать,2.3.2.2,2.3.2.2.2.3.4.2.
глотать,2.3.2.2,2.3.2.2.2.3.6.1.
глупеть,2.3.2.2,2.3.2.2.4.2.2.
глядеть,2.3.2.1,2.3.2.1.3.3.
гнать,2.3.2.3,2.3.2.3.1.2.1.1.
гнать,2.3.2.3,2.3.2.3.2.3.
гневаться,2.3.2.2,2.3.2.2.2.3.7.1.
гневить,2.3.2.2,2.3.2.2.2.3.7.2.
гнести,2.3.2.2,2.3.2.2.2.3.4.2.
гнушаться,2.3.2.2,2.3.2.2.2.3.2.1.
гонять,2.3.2.3,2.3.2.3.1.2.1.1.
гордиться,2.3.2.2,2.3.2.2.2.2.4.
горевать,2.3.2.2,2.3.2.2.3.4.1.
гореть,2.3.2.2,2.3.2.2.2.1.1.1.
грезить,2.3.2.1,2.3.2.1.2.4.2.
грубеть,2.3.2.2,2.3.2.2.4.3.
грустить,2.3.2.2,2.3.2.2.3.4.1.
грызть,2.3.2.2,2.3.2.2.2.3.4.2.
давить,2.3.2.2,2.3.2.2.2.3.4.2.
давить,2.3.2.2,2.3.2.2.3.3.2.
дать,2.3.2.1,2.3.2.1.2.5.
дать,2.3.2.3,2.3.2.3.1.6.1.
даться,2.3.2.3,2.3.2.3.1.6.1.
двигать,2.3.2.3,2.3.2.3.1.2.1.2.
дергаться,2.3.2.2,2.3.2.2.2.3.5.1.
держать,2.3.2.3,2.3.2.3.1.3.
держаться,2.3.2.3,2.3.2.3.1.8.
дерзать,2.3.2.3,2.3.2.3.1.4.
дивить,2.3.2.2,2.3.2.2.2.1.2.2.
дивиться,2.3.2.2,2.3.2.2.2.1.2.1.
диктовать,2.3.2.3,2.3.2.3.1.1.
диктовать,2.3.2.3,2.3.2.3.2.2.
дискредитировать,2.3.2.2,2.3.2.2.2.3.2.1.
дичать,2.3.2.2,2.3.2.2.4.3.
добиться,2.3.2.3,2.3.2.3.1.8.
добраться,2.3.2.1,2.3.2.1.3.3.
добреть,2.3.2.2,2.3.2.2.4.3.
довериться,2.3.2.1,2.3.2.1.6.3.
доверять,2.3.2.1,2.3.2.1.6.3.
довести,2.3.2.2,2.3.2.2.2.3.7.2.
довольствоваться,2.3.2.3,2.3.2.3.1.7.1.
догадаться,2.3.2.1,2.3.2.1.2.5.
догнать,2.3.2.3,2.3.2.3.1.2.2.
додумать,2.3.2.1,2.3.2.1.2.1.
додуматься,2.3.2.1,2.3.2.1.2.5.
додуматься,2.3.2.3,2.3.2.3.1.4.
дозволить,2.3.2.3,2.3.2.3.1.6.1.
дойти,2.3.2.1,2.3.2.1.3.3.
доказать,2.3.2.1,2.3.2.1.2.1.
допустить,2.3.2.1,2.3.2.1.2.5.
допустить,2.3.2.3,2.3.2.3.1.6.1.
дорисовать,2.3.2.1,2.3.2.1.2.4.2.
дорожить,2.3.2.2,2.3.2.2.2.2.2.1.
досадовать,2.3.2.2,2.3.2.2.2.3.6.1.
досмотреть,2.3.2.1,2.3.2.1.3.1.
достичь,2.3.2.3,2.3.2.3.1.8.
доходить,2.3.2.1,2.3.2.1.3.3.
дразнить,2.3.2.3,2.3.2.3.3.
дрожать,2.3.2.2,2.3.2.2.2.3.5.1.
дружить,2.3.2.2,2.3.2.2.2.2.3.1.1.
думать,2.3.2.1,2.3.2.1.2.1.
думать,2.3.2.1,2.3.2.1.2.5.
думать,2.3.2.3,2.3.2.3.1.4.
думаться,2.3.2.1,2.3.2.1.2.1.
думаться,2.3.2.2,2.3.2.2.2.3.5.1.
дуреть,2.3.2.2,2.3.2.2.4.2.2.
дуться,2.3.2.2,2.3.2.2.2.3.6.1.
душить,2.3.2.2,2.3.2.2.2.3.4.2.
жаждать,2.3.2.3,2.3.2.3.3.
жалеть,2.3.2.2,2.3.2.2.2.2.3.2.1.
жалеть,2.3.2.2,2.3.2.2.3.4.1.
жаловать,2.3.2.2,2.3.2.2.2.2.3.1.1.
жать,2.3.2.3,2.3.2.3.1.3.
ждать,2.3.2.1,2.3.2.1.2.5.
ждать,2.3.2.1,2.3.2.1.6.4.
желать,2.3.2.3,2.3.2.3.3.
жить,2.3.2.1,2.3.2.1.4.2.
жить,2.3.2.2,2.3.2.2.2.1.1.1.
забавлять,2.3.2.2,2.3.2.2.2.1.2.2.
заблагорассудиться,2.3.2.3,2.3.2.3.1.4.
заблуждаться,2.3.2.1,2.3.2.1.2.4.1.
заболеть,2.3.2.1,2.3.2.1.4.2.
заботить,2.3.2.2,2.3.2.2.2.3.5.2.
забыть,2.3.2.1,2.3.2.1.5.2.
забыться,2.3.2.1,2.3.2.1.2.2.
забыться,2.3.2.2,2.3.2.2.3.2.1.
завернуть,2.3.2.3,2.3.2.3.1.2.1.1.
завести,2.3.2.2,2.3.2.2.2.3.5.2.
завидовать,2.3.2.2,2.3.2.2.2.3.2.1.
завлечь,2.3.2.1,2.3.2.1.4.2.
заворожить,2.3.2.2,2.3.2.2.2.2.1.2.
загадать,2.3.2.1,2.3.2.1.2.5.
загладить,2.3.2.2,2.3.2.2.3.2.2.
загнать,2.3.2.3,2.3.2.3.1.2.2.
загореться,2.3.2.2,2.3.2.2.2.1.1.1.
загореться,2.3.2.3,2.3.2.3.3.
загрустить,2.3.2.2,2.3.2.2.3.4.1.
задать,2.3.2.3,2.3.2.3.1.5.
задержать,2.3.2.3,2.3.2.3.1.3.
задержаться,2.3.2.1,2.3.2.1.2.2.
задеть,2.3.2.2,2.3.2.2.2.1.1.2.
задеть,2.3.2.2,2.3.2.2.2.3.6.2.
задумать,2.3.2.1,2.3.2.1.2.5.
задумать,2.3.2.3,2.3.2.3.1.4.
задуматься,2.3.2.1,2.3.2.1.2.2.
заесть,2.3.2.2,2.3.2.2.2.3.6.2.
зажечь,2.3.2.2,2.3.2.2.2.1.1.2.
зажечься,2.3.2.2,2.3.2.2.2.1.1.1.
заинтересовать,2.3.2.1,2.3.2.1.4.2.
заинтересоваться,2.3.2.1,2.3.2.1.4.2.
заказать,2.3.2.3,2.3.2.3.1.6.2.
закалить,2.3.2.3,2.3.2.3.1.8.
закалиться,2.3.2.3,2.3.2.3.1.8.
закипеть,2.3.2.2,2.3.2.2.2.1.1.1.
заключить,2.3.2.1,2.3.2.1.2.1.
заключить,2.3.2.1,2.3.2.1.2.6.
заключить,2.3.2.1,2.3.2.1.3.3.
закрыть,2.3.2.3,2.3.2.3.1.6.2.
замахнуться,2.3.2.3,2.3.2.3.1.4.
замереть,2.3.2.2,2.3.2.2.4.1.
заметить,2.3.2.1,2.3.2.1.4.1.
заметить,2.3.2.1,2.3.2.1.5.1.
занимать,2.3.2.1,2.3.2.1.4.2.
занять,2.3.2.1,2.3.2.1.4.2.
заняться,2.3.2.1,2.3.2.1.4.2.
запамятовать,2.3.2.1,2.3.2.1.5.2.
запасть,2.3.2.1,2.3.2.1.5.1.
запечатлеть,2.3.2.1,2.3.2.1.5.1.
заподозрить,2.3.2.1,2.3.2.1.2.5.
запомнить,2.3.2.1,2.3.2.1.5.1.
запомниться,2.3.2.1,2.3.2.1.5.1.
запретить,2.3.2.3,2.3.2.3.1.6.2.
запрятать,2.3.2.3,2.3.2.3.1.3.
запугать,2.3.2.2,2.3.2.2.2.3.5.2.
запылать,2.3.2.2,2.3.2.2.2.1.1.1.
заразить,2.3.2.1,2.3.2.1.4.2.
заразиться,2.3.2.2,2.3.2.2.2.2.3.1.1.
заречься,2.3.2.3,2.3.2.3.1.4.
зариться,2.3.2.3,2.3.2.3.3.
засадить,2.3.2.3,2.3.2.3.1.2.1.2.
засадить,2.3.2.3,2.3.2.3.1.3.
заскучать,2.3.2.2,2.3.2.2.3.4.1.
заспать,2.3.2.1,2.3.2.1.5.2.
заставить,2.3.2.3,2.3.2.3.1.3.
застыдиться,2.3.2.2,2.3.2.2.3.5.1.
затаить,2.3.2.2,2.3.2.2.2.1.1.1.
затащить,2.3.2.3,2.3.2.3.1.2.2.
затеять,2.3.2.3,2.3.2.3.1.4.
заткнуть,2.3.2.3,2.3.2.3.1.3.
затребовать,2.3.2.3,2.3.2.3.1.1.
затронуть,2.3.2.2,2.3.2.2.2.3.6.2.
затянуть,2.3.2.3,2.3.2.3.1.2.2.
захватить,2.3.2.1,2.3.2.1.4.2.
зацепить,2.3.2.2,2.3.2.2.2.3.6.2.
зациклиться,2.3.2.1,2.3.2.1.2.2.
зачаровать,2.3.2.2,2.3.2.2.2.2.1.2.
звереть,2.3.2.2,2.3.2.2.2.3.7.1.
злить,2.3.2.2,2.3.2.2.2.3.7.2.
злиться,2.3.2.2,2.3.2.2.2.3.7.1.
злобиться,2.3.2.2,2.3.2.2.2.3.7.1.
злобствовать,2.3.2.2,2.3.2.2.2.3.7.1.
злорадствовать,2.3.2.2,2.3.2.2.2.3.7.1.
знакомиться,2.3.2.1,2.3.2.1.3.1.
знать,2.3.2.1,2.3.2.1.3.1.
знать,2.3.2.1,2.3.2.1.3.2.
игнорировать,2.3.2.1,2.3.2.1.2.6.
идеализировать,2.3.2.1,2.3.2.1.2.6.
идентификация,2.3.2.1,2.3.2.1.3.1.
избрать,2.3.2.3,2.3.2.3.1.4.
изведать,2.3.2.1,2.3.2.1.3.1.
извериться,2.3.2.1,2.3.2.1.6.3.
извести,2.3.2.2,2.3.2.2.2.3.4.2.
изволить,2.3.2.3,2.3.2.3.3.
изгнать,2.3.2.3,2.3.2.3.1.2.1.1.
изголодаться,2.3.2.3,2.3.2.3.3.
издергать,2.3.2.2,2.3.2.2.2.3.5.2.
изжить,2.3.2.3,2.3.2.3.4.
изломать,2.3.2.3,2.3.2.3.1.3.
измаяться,2.3.2.2,2.3.2.2.2.3.4.1.
измотать,2.3.2.2,2.3.2.2.2.3.4.2.
измучить,2.3.2.2,2.3.2.2.2.3.4.2.
измучиться,2.3.2.2,2.3.2.2.2.3.4.1.
измыслить,2.3.2.1,2.3.2.1.2.4.1.
изнывать,2.3.2.2,2.3.2.2.2.3.4.1.
изумить,2.3.2.2,2.3.2.2.2.1.2.2.
изумиться,2.3.2.2,2.3.2.2.2.1.2.1.
изучить,2.3.2.1,2.3.2.1.3.1.
изучить,2.3.2.1,2.3.2.1.3.3.
импонировать,2.3.2.2,2.3.2.2.2.2.3.1.1.
интересовать,2.3.2.1,2.3.2.1.4.2.
интересоваться,2.3.2.1,2.3.2.1.4.2.
интриговать,2.3.2.1,2.3.2.1.4.2.
исповедать,2.3.2.1,2.3.2.1.1.
исповедовать,2.3.2.1,2.3.2.1.1.
исследовать,2.3.2.1,2.3.2.1.3.1.
исстрадаться,2.3.2.2,2.3.2.2.2.3.4.1.
иссушить,2.3.2.2,2.3.2.2.2.3.4.2.
истерзать,2.3.2.2,2.3.2.2.2.3.4.2.
истолковать,2.3.2.1,2.3.2.1.3.3.
истомить,2.3.2.2,2.3.2.2.2.3.4.2.
истомиться,2.3.2.2,2.3.2.2.2.3.4.1.
истосковаться,2.3.2.2,2.3.2.2.3.4.1.
истребовать,2.3.2.3,2.3.2.3.1.1.
истязать,2.3.2.2,2.3.2.2.2.3.4.2.
исходить,2.3.2.1,2.3.2.1.2.1.
казаться,2.3.2.1,2.3.2.1.2.4.1.
казнить,2.3.2.2,2.3.2.2.2.3.4.1.
казнить,2.3.2.2,2.3.2.2.2.3.4.2.
каменеть,2.3.2.2,2.3.2.2.4.1.
каменеть,2.3.2.2,2.3.2.2.4.3.
кипеть,2.3.2.2,2.3.2.2.2.1.1.1.
киснуть,2.3.2.2,2.3.2.2.3.3.1.
клокотать,2.3.2.2,2.3.2.2.2.1.1.1.
колебаться,2.3.2.1,2.3.2.1.2.5.
командовать,2.3.2.3,2.3.2.3.1.1.
концентрироваться,2.3.2.1,2.3.2.1.4.1.
корежить,2.3.2.2,2.3.2.2.2.3.2.2.
коробить,2.3.2.2,2.3.2.2.2.3.2.2.
коситься,2.3.2.2,2.3.2.2.2.3.2.1.
коченеть,2.3.2.2,2.3.2.2.4.1.
краснеть,2.3.2.2,2.3.2.2.3.5.1.
крепнуть,2.3.2.2,2.3.2.2.4.1.
кручиниться,2.3.2.2,2.3.2.2.3.4.1.
крушить,2.3.2.2,2.3.2.2.3.4.2.
кумекать,2.3.2.1,2.3.2.1.2.1.
ладить,2.3.2.3,2.3.2.3.1.4.
ласкать,2.3.2.2,2.3.2.2.3.1.2.
леденеть,2.3.2.2,2.3.2.2.4.1.
леденить,2.3.2.2,2.3.2.2.2.3.5.2.
ликовать,2.3.2.2,2.3.2.2.2.2.1.1.
льстить,2.3.2.2,2.3.2.2.2.2.3.1.2.
любить,2.3.2.2,2.3.2.2.2.2.1.1.
любить,2.3.2.2,2.3.2.2.2.2.2.1.
манить,2.3.2.3,2.3.2.3.3.
маяться,2.3.2.2,2.3.2.2.2.3.4.1.
мерещиться,2.3.2.1,2.3.2.1.2.4.2.
мертветь,2.3.2.2,2.3.2.2.4.1.
метить,2.3.2.3,2.3.2.3.3.
мечтать,2.3.2.1,2.3.2.1.2.4.2.
мириться,2.3.2.3,2.3.2.3.4.
млеть,2.3.2.2,2.3.2.2.3.1.1.
мнить,2.3.2.1,2.3.2.1.2.1.
мниться,2.3.2.1,2.3.2.1.2.4.1.
молиться,2.3.2.2,2.3.2.2.2.2.2.1.
морозить,2.3.2.3,2.3.2.3.1.3.
мрачнеть,2.3.2.2,2.3.2.2.4.2.2.
мудрствовать,2.3.2.1,2.3.2.1.2.2.
мутиться,2.3.2.2,2.3.2.2.4.2.2.
мутнеть,2.3.2.2,2.3.2.2.4.2.2.
мучить,2.3.2.2,2.3.2.2.2.3.4.2.
мучиться,2.3.2.2,2.3.2.2.2.3.4.1.
мыслить,2.3.2.1,2.3.2.1.2.1.
мястись,2.3.2.2,2.3.2.2.2.3.5.1.
наблюдать,2.3.2.1,2.3.2.1.3.1.
наболеть,2.3.2.2,2.3.2.2.3.4.1.
набраться,2.3.2.3,2.3.2.3.1.8.
навалить,2.3.2.3,2.3.2.3.1.5.
навести,2.3.2.3,2.3.2.3.2.2.
нагнать,2.3.2.3,2.3.2.3.1.2.2.
нагрузить,2.3.2.3,2.3.2.3.1.5.
надеяться,2.3.2.1,2.3.2.1.6.4.
надивиться,2.3.2.2,2.3.2.2.2.1.2.1.
надломить,2.3.2.2,2.3.2.2.2.3.4.2.
надоесть,2.3.2.2,2.3.2.2.2.3.2.2.
надуваться,2.3.2.2,2.3.2.2.2.3.6.1.
надумать,2.3.2.3,2.3.2.3.1.4.
нажать,2.3.2.3,2.3.2.3.1.3.
назначить,2.3.2.3,2.3.2.3.1.1.
найти,2.3.2.1,2.3.2.1.2.1.
найти,2.3.2.1,2.3.2.1.3.1.
наказать,2.3.2.3,2.3.2.3.1.1.
налечь,2.3.2.3,2.3.2.3.1.3.
намаяться,2.3.2.2,2.3.2.2.2.3.4.1.
намереваться,2.3.2.3,2.3.2.3.1.4.
наметить,2.3.2.1,2.3.2.1.2.5.
наметить,2.3.2.3,2.3.2.3.1.4.
намучиться,2.3.2.2,2.3.2.2.2.3.4.1.
намылиться,2.3.2.3,2.3.2.3.1.4.
наплевать,2.3.2.2,2.3.2.2.2.3.3.
наполнить,2.3.2.2,2.3.2.2.2.1.1.2.
напомнить,2.3.2.1,2.3.2.1.5.1.
направить,2.3.2.3,2.3.2.3.1.2.1.2.
напустить,2.3.2.3,2.3.2.3.1.2.1.2.
нарадоваться,2.3.2.2,2.3.2.2.2.2.1.1.
насесть,2.3.2.3,2.3.2.3.1.3.
насиловать,2.3.2.3,2.3.2.3.1.3.
наскучить,2.3.2.2,2.3.2.2.2.3.2.2.
насладиться,2.3.2.2,2.3.2.2.2.2.1.1.
насторожиться,2.3.2.2,2.3.2.2.2.3.5.1.
настоять,2.3.2.3,2.3.2.3.1.1.
настрадаться,2.3.2.2,2.3.2.2.2.3.4.1.
настроить,2.3.2.3,2.3.2.3.2.2.
натерпеться,2.3.2.3,2.3.2.3.4.
наткнуться,2.3.2.1,2.3.2.1.3.1.
натолкнуть,2.3.2.3,2.3.2.3.2.2.
натолкнуться,2.3.2.1,2.3.2.1.3.1.
находить,2.3.2.1,2.3.2.1.3.1.
нацелить,2.3.2.3,2.3.2.3.1.5.
начертать,2.3.2.3,2.3.2.3.1.1.
начхать,2.3.2.2,2.3.2.2.2.3.3.
невзлюбить,2.3.2.2,2.3.2.2.2.3.1.
неволить,2.3.2.3,2.3.2.3.1.3.
негодовать,2.3.2.2,2.3.2.2.2.3.7.1.
недолюбливать,2.3.2.2,2.3.2.2.2.3.2.1.
недооценить,2.3.2.1,2.3.2.1.2.6.
недоумевать,2.3.2.2,2.3.2.2.2.1.2.1.
нежить,2.3.2.2,2.3.2.2.3.1.2.
неистовствовать,2.3.2.2,2.3.2.2.2.1.1.1.
ненавидеть,2.3.2.2,2.3.2.2.2.3.1.
нервировать,2.3.2.2,2.3.2.2.2.3.5.2.
нервничать,2.3.2.2,2.3.2.2.2.3.5.1.
никнуть,2.3.2.2,2.3.2.2.3.3.1.
норовить,2.3.2.3,2.3.2.3.3.
нравиться,2.3.2.2,2.3.2.2.2.2.3.1.1.
обалдеть,2.3.2.2,2.3.2.2.2.1.2.1.
обворожить,2.3.2.2,2.3.2.2.2.2.1.2.
обдумать,2.3.2.1,2.3.2.1.2.2.
обезоружить,2.3.2.3,2.3.2.3.1.3.
обезуметь,2.3.2.2,2.3.2.2.4.2.2.
обескуражить,2.3.2.2,2.3.2.2.2.1.2.2.
обеспамятеть,2.3.2.2,2.3.2.2.4.2.2.
обещать,2.3.2.1,2.3.2.1.6.4.
обидеть,2.3.2.2,2.3.2.2.2.3.6.2.
обидеться,2.3.2.2,2.3.2.2.2.3.6.1.
облегчить,2.3.2.2,2.3.2.2.3.2.2.
обмануть,2.3.2.1,2.3.2.1.6.4.
обмереть,2.3.2.2,2.3.2.2.2.1.2.1.
обмозговать,2.3.2.1,2.3.2.1.2.2.
обнадежить,2.3.2.1,2.3.2.1.6.4.
обнаружить,2.3.2.1,2.3.2.1.3.1.
обожать,2.3.2.2,2.3.2.2.2.2.2.1.
обожать,2.3.2.2,2.3.2.2.2.2.3.1.1.
обожествлять,2.3.2.2,2.3.2.2.2.2.2.1.
обозлиться,2.3.2.2,2.3.2.2.2.3.7.1.
обозреть,2.3.2.1,2.3.2.1.3.1.
обомлеть,2.3.2.2,2.3.2.2.2.1.2.1.
обратить,2.3.2.3,2.3.2.3.2.2.
обречь,2.3.2.3,2.3.2.3.1.3.
обследовать,2.3.2.1,2.3.2.1.3.1.
обуздать,2.3.2.3,2.3.2.3.1.8.
обуять,2.3.2.2,2.3.2.2.3.3.2.
объяснить,2.3.2.1,2.3.2.1.3.3.
обязать,2.3.2.3,2.3.2.3.1.5.
овладеть,2.3.2.1,2.3.2.1.3.1.
оглянуться,2.3.2.1,2.3.2.1.5.1.
огорошить,2.3.2.2,2.3.2.2.2.1.2.2.
огорчить,2.3.2.2,2.3.2.2.3.4.2.
огорчиться,2.3.2.2,2.3.2.2.3.4.1.
одобрить,2.3.2.3,2.3.2.3.1.6.1.
одобрить,2.3.2.3,2.3.2.3.1.7.1.
одолеть,2.3.2.1,2.3.2.1.3.1.
одолеть,2.3.2.2,2.3.2.2.3.3.2.
одолеть,2.3.2.3,2.3.2.3.1.8.
одуматься,2.3.2.1,2.3.2.1.3.3.
одуматься,2.3.2.3,2.3.2.3.1.4.
одухотворить,2.3.2.2,2.3.2.2.2.2.1.2.
одушевить,2.3.2.2,2.3.2.2.2.1.1.2.
одушевиться,2.3.2.2,2.3.2.2.2.1.1.1.
ожесточить,2.3.2.2,2.3.2.2.2.3.7.2.
ожидать,2.3.2.1,2.3.2.1.6.4.
озабочивать,2.3.2.2,2.3.2.2.2.3.5.2.
озадачить,2.3.2.2,2.3.2.2.2.1.2.2.
озадачить,2.3.2.3,2.3.2.3.1.5.
озарить,2.3.2.1,2.3.2.1.2.5.
озлобить,2.3.2.2,2.3.2.2.2.3.7.2.
озлобиться,2.3.2.2,2.3.2.2.4.3.
околдовать,2.3.2.2,2.3.2.2.2.2.1.2.
окрылить,2.3.2.2,2.3.2.2.2.2.1.2.
окунуться,2.3.2.1,2.3.2.1.4.2.
омрачить,2.3.2.2,2.3.2.2.3.4.2.
опасаться,2.3.2.2,2.3.2.2.2.3.5.1.
опешить,2.3.2.2,2.3.2.2.2.1.2.1.
оплакать,2.3.2.2,2.3.2.2.3.4.1.
опознать,2.3.2.1,2.3.2.1.3.2.
ополоуметь,2.3.2.2,2.3.2.2.4.2.2.
опомниться,2.3.2.1,2.3.2.1.3.3.
опорочить,2.3.2.2,2.3.2.2.2.3.2.1.
опостылеть,2.3.2.2,2.3.2.2.2.3.2.2.
определить,2.3.2.1,2.3.2.1.3.1.
определить,2.3.2.3,2.3.2.3.1.1.
определить,2.3.2.3,2.3.2.3.1.4.
определить,2.3.2.3,2.3.2.3.1.5.
определиться,2.3.2.3,2.3.2.3.1.4.
определять,2.3.2.3,2.3.2.3.1.4.
определять,2.3.2.3,2.3.2.3.1.5.
опровергнуть,2.3.2.3,2.3.2.3.1.7.2.
опротиветь,2.3.2.2,2.3.2.2.2.3.2.2.
опустошить,2.3.2.2,2.3.2.2.2.3.4.2.
ориентировать,2.3.2.3,2.3.2.3.2.2.
ориентироваться,2.3.2.1,2.3.2.1.3.1.
осатанеть,2.3.2.2,2.3.2.2.2.3.2.2.
осатанеть,2.3.2.2,2.3.2.2.4.3.
освежить,2.3.2.1,2.3.2.1.5.1.
освоить,2.3.2.1,2.3.2.1.3.1.
освятить,2.3.2.2,2.3.2.2.2.2.4.
оседлать,2.3.2.3,2.3.2.3.1.3.
осенить,2.3.2.1,2.3.2.1.2.1.
осилить,2.3.2.1,2.3.2.1.3.1.
осилить,2.3.2.3,2.3.2.3.1.8.
оскорбить,2.3.2.2,2.3.2.2.2.3.4.2.
оскорбиться,2.3.2.2,2.3.2.2.2.3.6.1.
оскудевать,2.3.2.2,2.3.2.2.4.2.2.
ослабевать,2.3.2.2,2.3.2.2.4.1.
ослепить,2.3.2.2,2.3.2.2.2.1.1.2.
осмелиться,2.3.2.3,2.3.2.3.1.4.
осознать,2.3.2.1,2.3.2.1.3.3.
оставить,2.3.2.3,2.3.2.3.1.3.
остановить,2.3.2.3,2.3.2.3.1.3.
остановить,2.3.2.3,2.3.2.3.1.6.2.
остановиться,2.3.2.1,2.3.2.1.4.1.
остановиться,2.3.2.3,2.3.2.3.1.4.
остервенеть,2.3.2.2,2.3.2.2.2.3.7.1.
остервениться,2.3.2.2,2.3.2.2.2.3.7.1.
остолбенеть,2.3.2.2,2.3.2.2.4.1.
осточертеть,2.3.2.2,2.3.2.2.2.3.2.2.
остудить,2.3.2.2,2.3.2.2.3.2.2.
остыть,2.3.2.2,2.3.2.2.2.3.2.1.
остыть,2.3.2.2,2.3.2.2.3.2.1.
остыть,2.3.2.2,2.3.2.2.3.3.1.
осудить,2.3.2.1,2.3.2.1.2.6.
осудить,2.3.2.3,2.3.2.3.1.3.
осчастливить,2.3.2.2,2.3.2.2.2.2.1.2.
осязать,2.3.2.1,2.3.2.1.3.3.
отбиться,2.3.2.3,2.3.2.3.1.7.2.
отбросить,2.3.2.3,2.3.2.3.1.7.2.
отважиться,2.3.2.3,2.3.2.3.1.4.
отведать,2.3.2.1,2.3.2.1.3.1.
отвергать,2.3.2.1,2.3.2.1.2.6.
отвергнуть,2.3.2.3,2.3.2.3.1.7.2.
отвести,2.3.2.3,2.3.2.3.1.2.2.
отвести,2.3.2.3,2.3.2.3.1.7.2.
отвлечь,2.3.2.1,2.3.2.1.2.1.
отвлечься,2.3.2.1,2.3.2.1.2.1.
отгадать,2.3.2.1,2.3.2.1.2.5.
отдаться,2.3.2.1,2.3.2.1.4.2.
отказать,2.3.2.1,2.3.2.1.2.6.
отказать,2.3.2.3,2.3.2.3.1.7.2.
отказаться,2.3.2.3,2.3.2.3.1.7.2.
отказываться,2.3.2.3,2.3.2.3.1.7.2.
откинуть,2.3.2.3,2.3.2.3.1.7.2.
отклонить,2.3.2.3,2.3.2.3.1.3.
отклонить,2.3.2.3,2.3.2.3.1.7.2.
отклониться,2.3.2.1,2.3.2.1.2.3.
отклонять,2.3.2.3,2.3.2.3.1.3.
отклонять,2.3.2.3,2.3.2.3.1.7.2.
отключиться,2.3.2.1,2.3.2.1.2.3.
открещиваться,2.3.2.3,2.3.2.3.1.7.2.
открывать,2.3.2.1,2.3.2.1.3.1.
открывать,2.3.2.3,2.3.2.3.1.6.1.
открыть,2.3.2.1,2.3.2.1.3.1.
открыть,2.3.2.3,2.3.2.3.1.6.1.
отлечь,2.3.2.2,2.3.2.2.3.2.1.
отменить,2.3.2.3,2.3.2.3.1.4.
отмести,2.3.2.3,2.3.2.3.1.7.2.
отметить,2.3.2.1,2.3.2.1.4.1.
отмечать,2.3.2.1,2.3.2.1.4.1.
отмучиться,2.3.2.2,2.3.2.2.2.3.4.1.
отнести,2.3.2.1,2.3.2.1.2.6.
отнестись,2.3.2.1,2.3.2.1.2.6.
отогнать,2.3.2.3,2.3.2.3.1.2.1.1.
отогреть,2.3.2.2,2.3.2.2.3.2.2.
отозваться,2.3.2.2,2.3.2.2.2.2.3.2.1.
отойти,2.3.2.2,2.3.2.2.3.2.1.
оторопеть,2.3.2.2,2.3.2.2.2.1.2.1.
отослать,2.3.2.3,2.3.2.3.1.2.1.2.
отпечататься,2.3.2.1,2.3.2.1.5.1.
отправить,2.3.2.3,2.3.2.3.1.2.1.2.
отправляться,2.3.2.1,2.3.2.1.2.1.
отпугнуть,2.3.2.2,2.3.2.2.2.3.2.2.
отпугнуть,2.3.2.2,2.3.2.2.2.3.5.2.
отпугнуть,2.3.2.2,2.3.2.2.2.3.6.2.
отпугнуть,2.3.2.3,2.3.2.3.1.2.1.3.
отравить,2.3.2.2,2.3.2.2.2.3.4.2.
отрезвить,2.3.2.2,2.3.2.2.3.2.2.
отрезвиться,2.3.2.2,2.3.2.2.3.2.1.
отрезвиться,2.3.2.2,2.3.2.2.4.2.1.
отречься,2.3.2.3,2.3.2.3.1.7.2.
отрешиться,2.3.2.1,2.3.2.1.2.3.
отринуть,2.3.2.3,2.3.2.3.1.7.2.
отрицать,2.3.2.1,2.3.2.1.2.6.
отрядить,2.3.2.3,2.3.2.3.1.2.1.2.
отслеживать,2.3.2.1,2.3.2.1.3.1.
отступить,2.3.2.3,2.3.2.3.1.7.2.
отступиться,2.3.2.3,2.3.2.3.1.7.2.
оттолкнуть,2.3.2.2,2.3.2.2.2.3.2.2.
отчаяться,2.3.2.2,2.3.2.2.2.3.4.1.
отчаяться,2.3.2.2,2.3.2.2.3.4.1.
отягощать,2.3.2.2,2.3.2.2.2.3.4.2.
охватить,2.3.2.2,2.3.2.2.2.1.1.2.
охладеть,2.3.2.2,2.3.2.2.4.1.
охладить,2.3.2.2,2.3.2.2.2.3.2.2.
охладить,2.3.2.2,2.3.2.2.3.2.2.
охладиться,2.3.2.2,2.3.2.2.2.3.2.1.
охладиться,2.3.2.2,2.3.2.2.4.1.
охотиться,2.3.2.3,2.3.2.3.3.
оценить,2.3.2.1,2.3.2.1.2.6.
очаровать,2.3.2.2,2.3.2.2.2.2.1.2.
очаровывать,2.3.2.2,2.3.2.2.2.2.1.2.
очеловечить,2.3.2.2,2.3.2.2.2.2.2.2.
очистить,2.3.2.2,2.3.2.2.3.2.2.
очиститься,2.3.2.2,2.3.2.2.3.2.1.
очуметь,2.3.2.2,2.3.2.2.4.2.2.
ошарашить,2.3.2.2,2.3.2.2.2.1.2.2.
ошеломить,2.3.2.2,2.3.2.2.2.1.2.2.
памятовать,2.3.2.1,2.3.2.1.5.1.
перебеситься,2.3.2.2,2.3.2.2.2.3.7.1.
переболеть,2.3.2.2,2.3.2.2.3.2.1.
перебрать,2.3.2.1,2.3.2.1.2.3.
перебрать,2.3.2.1,2.3.2.1.3.1.
перевалить,2.3.2.3,2.3.2.3.1.5.
переварить,2.3.2.1,2.3.2.1.3.1.
перевернуть,2.3.2.1,2.3.2.1.3.1.
перевернуть,2.3.2.2,2.3.2.2.2.1.1.2.
переволноваться,2.3.2.2,2.3.2.2.2.3.5.1.
перегнать,2.3.2.3,2.3.2.3.1.2.2.
перегореть,2.3.2.2,2.3.2.2.4.3.
перегрузить,2.3.2.3,2.3.2.3.1.5.
передоверить,2.3.2.3,2.3.2.3.1.5.
передумать,2.3.2.1,2.3.2.1.2.1.
передумать,2.3.2.3,2.3.2.3.1.4.
переживать,2.3.2.2,2.3.2.2.2.3.4.1.
переживать,2.3.2.2,2.3.2.2.2.3.5.1.
пережить,2.3.2.2,2.3.2.2.2.1.1.1.
пережить,2.3.2.3,2.3.2.3.4.
перезабыть,2.3.2.1,2.3.2.1.5.2.
переиграть,2.3.2.3,2.3.2.3.1.4.
перейти,2.3.2.1,2.3.2.1.1.
переключить,2.3.2.1,2.3.2.1.4.1.
переключиться,2.3.2.1,2.3.2.1.4.1.
переложить,2.3.2.3,2.3.2.3.1.5.
переломать,2.3.2.3,2.3.2.3.1.3.
переломить,2.3.2.3,2.3.2.3.1.8.
переломить,2.3.2.3,2.3.2.3.4.
перенести,2.3.2.3,2.3.2.3.4.
перенестись,2.3.2.1,2.3.2.1.2.4.2.
перенять,2.3.2.1,2.3.2.1.3.2.
переоценить,2.3.2.1,2.3.2.1.2.6.
перепоручить,2.3.2.3,2.3.2.3.1.5.
перепугать,2.3.2.2,2.3.2.2.2.3.5.2.
перепугаться,2.3.2.2,2.3.2.2.2.3.5.1.
пересилить,2.3.2.3,2.3.2.3.1.8.
переслать,2.3.2.3,2.3.2.3.1.2.2.
пересмотреть,2.3.2.1,2.3.2.1.2.6.
перестрадать,2.3.2.2,2.3.2.2.2.3.4.1.
перетерпеть,2.3.2.3,2.3.2.3.4.
переубедить,2.3.2.1,2.3.2.1.6.2.
перечувствовать,2.3.2.2,2.3.2.2.1.
петь,2.3.2.2,2.3.2.2.2.2.1.1.
печалить,2.3.2.2,2.3.2.2.3.4.2.
печалиться,2.3.2.2,2.3.2.2.3.4.1.
плакать,2.3.2.2,2.3.2.2.3.4.1.
пламенеть,2.3.2.2,2.3.2.2.2.1.1.1.
планирование,2.3.2.3,2.3.2.3.1.4.
планировать,2.3.2.3,2.3.2.3.1.4.
плевать,2.3.2.2,2.3.2.2.2.3.3.
пленить,2.3.2.2,2.3.2.2.2.2.1.2.
побаиваться,2.3.2.2,2.3.2.2.2.3.5.1.
победить,2.3.2.3,2.3.2.3.1.8.
побороть,2.3.2.3,2.3.2.3.1.8.
побудить,2.3.2.3,2.3.2.3.2.1.
побуждать,2.3.2.3,2.3.2.3.2.1.
повелевать,2.3.2.3,2.3.2.3.1.1.
повторить,2.3.2.1,2.3.2.1.5.1.
повязать,2.3.2.3,2.3.2.3.1.3.
поглотить,2.3.2.1,2.3.2.1.4.2.
погонять,2.3.2.3,2.3.2.3.1.2.1.1.
погонять,2.3.2.3,2.3.2.3.2.3.
подавить,2.3.2.2,2.3.2.2.2.3.4.2.
подавить,2.3.2.2,2.3.2.2.3.3.2.
подавить,2.3.2.3,2.3.2.3.1.3.
подавить,2.3.2.3,2.3.2.3.1.8.
податься,2.3.2.3,2.3.2.3.1.7.1.
подбить,2.3.2.3,2.3.2.3.2.1.
подвигнуть,2.3.2.3,2.3.2.3.2.2.
подглядеть,2.3.2.1,2.3.2.1.3.1.
подгонять,2.3.2.3,2.3.2.3.2.3.
поддаться,2.3.2.3,2.3.2.3.1.7.1.
поддержание,2.3.2.3,2.3.2.3.1.7.1.
поддержать,2.3.2.3,2.3.2.3.1.7.1.
поддерживать,2.3.2.3,2.3.2.3.1.7.1.
поджать,2.3.2.3,2.3.2.3.1.3.
поджечь,2.3.2.3,2.3.2.3.2.1.
подзабыть,2.3.2.1,2.3.2.1.5.2.
подметить,2.3.2.1,2.3.2.1.4.1.
подмывать,2.3.2.3,2.3.2.3.3.
поднажать,2.3.2.3,2.3.2.3.1.3.
поднять,2.3.2.3,2.3.2.3.1.3.
поднять,2.3.2.3,2.3.2.3.2.1.
подогнать,2.3.2.3,2.3.2.3.1.2.2.
подогреть,2.3.2.2,2.3.2.2.2.1.1.2.
подозревать,2.3.2.1,2.3.2.1.2.5.
подослать,2.3.2.3,2.3.2.3.1.2.1.2.
подразумевать,2.3.2.1,2.3.2.1.2.5.
подразумеваться,2.3.2.1,2.3.2.1.2.5.
подружиться,2.3.2.2,2.3.2.2.2.2.3.1.1.
подсмотреть,2.3.2.1,2.3.2.1.3.1.
подстегнуть,2.3.2.3,2.3.2.3.2.3.
подстрекнуть,2.3.2.3,2.3.2.3.2.1.
подтвердить,2.3.2.3,2.3.2.3.1.7.1.
подтолкнуть,2.3.2.3,2.3.2.3.2.1.
подтолкнуть,2.3.2.3,2.3.2.3.2.3.
подумать,2.3.2.1,2.3.2.1.2.1.
подумывать,2.3.2.3,2.3.2.3.1.4.
подхватить,2.3.2.1,2.3.2.1.3.1.
подхлестнуть,2.3.2.3,2.3.2.3.2.3.
подчинить,2.3.2.3,2.3.2.3.1.3.
позабыть,2.3.2.1,2.3.2.1.5.2.
позволить,2.3.2.3,2.3.2.3.1.6.1.
позволять,2.3.2.3,2.3.2.3.1.6.1.
познать,2.3.2.1,2.3.2.1.3.1.
показаться,2.3.2.2,2.3.2.2.2.2.3.1.1.
поклоняться,2.3.2.2,2.3.2.2.2.2.2.1.
поклоняться,2.3.2.2,2.3.2.2.2.2.4.
покорить,2.3.2.2,2.3.2.2.2.2.2.2.
покорить,2.3.2.3,2.3.2.3.1.3.
полагать,2.3.2.1,2.3.2.1.2.1.
полагать,2.3.2.1,2.3.2.1.2.5.
положить,2.3.2.3,2.3.2.3.1.4.
положиться,2.3.2.1,2.3.2.1.6.3.
полюбить,2.3.2.2,2.3.2.2.2.2.2.1.
полюбить,2.3.2.2,2.3.2.2.2.2.3.1.1.
полюбиться,2.3.2.2,2.3.2.2.2.2.2.2.
полюбиться,2.3.2.2,2.3.2.2.2.2.3.1.1.
помешаться,2.3.2.1,2.3.2.1.4.2.
помешаться,2.3.2.2,2.3.2.2.2.2.2.1.
помнить,2.3.2.1,2.3.2.1.5.1.
помниться,2.3.2.1,2.3.2.1.5.1.
помрачиться,2.3.2.2,2.3.2.2.4.1.
помыслить,2.3.2.1,2.3.2.1.2.4.1.
помышлять,2.3.2.3,2.3.2.3.1.4.
помянуть,2.3.2.1,2.3.2.1.5.1.
поникать,2.3.2.2,2.3.2.2.3.3.1.
понимать,2.3.2.1,2.3.2.1.3.1.
понудить,2.3.2.3,2.3.2.3.1.3.
понукать,2.3.2.3,2.3.2.3.1.3.
понукать,2.3.2.3,2.3.2.3.2.3.
понять,2.3.2.1,2.3.2.1.3.1.
понять,2.3.2.1,2.3.2.1.3.3.
попереть,2.3.2.3,2.3.2.3.1.2.1.1.
попомнить,2.3.2.1,2.3.2.1.5.1.
попрекать,2.3.2.2,2.3.2.2.2.3.2.1.
попросить,2.3.2.3,2.3.2.3.1.2.1.1.
поразить,2.3.2.2,2.3.2.2.2.1.2.2.
поразиться,2.3.2.2,2.3.2.2.2.1.2.1.
поразмыслить,2.3.2.1,2.3.2.1.2.2.
порицать,2.3.2.1,2.3.2.1.2.6.
порицать,2.3.2.2,2.3.2.2.2.3.2.1.
поручить,2.3.2.3,2.3.2.3.1.5.
порываться,2.3.2.3,2.3.2.3.3.
послать,2.3.2.3,2.3.2.3.1.2.1.2.
постичь,2.3.2.1,2.3.2.1.3.1.
постичь,2.3.2.1,2.3.2.1.3.3.
посудить,2.3.2.1,2.3.2.1.2.6.
потерпеть,2.3.2.3,2.3.2.3.4.
поторапливать,2.3.2.3,2.3.2.3.2.3.
потрафить,2.3.2.2,2.3.2.2.2.2.3.1.2.
потрясти,2.3.2.2,2.3.2.2.2.1.1.2.
почесть,2.3.2.1,2.3.2.1.2.6.
почитать,2.3.2.2,2.3.2.2.2.2.4.
поэтизировать,2.3.2.1,2.3.2.1.2.6.
превзойти,2.3.2.1,2.3.2.1.3.1.
превозмочь,2.3.2.3,2.3.2.3.1.8.
предвидеть,2.3.2.1,2.3.2.1.2.5.
предвкушать,2.3.2.2,2.3.2.2.1.
предвосхитить,2.3.2.1,2.3.2.1.2.5.
предлагать,2.3.2.3,2.3.2.3.1.1.
предлагаться,2.3.2.3,2.3.2.3.1.1.
предложить,2.3.2.3,2.3.2.3.1.1.
предназначить,2.3.2.3,2.3.2.3.1.1.
предназначить,2.3.2.3,2.3.2.3.1.4.
предначертать,2.3.2.3,2.3.2.3.1.1.
предопределить,2.3.2.3,2.3.2.3.1.4.
предоставить,2.3.2.3,2.3.2.3.1.6.1.
предоставление,2.3.2.3,2.3.2.3.1.6.1.
предоставлять,2.3.2.3,2.3.2.3.1.6.1.
предписать,2.3.2.3,2.3.2.3.1.1.
предполагать,2.3.2.3,2.3.2.3.1.4.
предположить,2.3.2.1,2.3.2.1.2.5.
предпочесть,2.3.2.1,2.3.2.1.2.6.
предпочесть,2.3.2.2,2.3.2.2.2.2.3.1.1.
предпочесть,2.3.2.3,2.3.2.3.1.4.
предрасположить,2.3.2.2,2.3.2.2.2.2.3.1.2.
предрасположить,2.3.2.3,2.3.2.3.2.2.
предрешить,2.3.2.3,2.3.2.3.1.4.
представить,2.3.2.1,2.3.2.1.2.4.1.
представляться,2.3.2.1,2.3.2.1.2.4.1.
предугадать,2.3.2.1,2.3.2.1.2.5.
предусмотреть,2.3.2.1,2.3.2.1.2.5.
предчувствовать,2.3.2.2,2.3.2.2.1.
презирать,2.3.2.2,2.3.2.2.2.3.2.1.
презреть,2.3.2.2,2.3.2.2.2.3.3.
преклоняться,2.3.2.2,2.3.2.2.2.2.4.
прельстить,2.3.2.2,2.3.2.2.2.2.2.2.
прельстить,2.3.2.2,2.3.2.2.2.2.3.1.2.
прельстить,2.3.2.3,2.3.2.3.3.
прельститься,2.3.2.2,2.3.2.2.2.2.3.1.1.
прельститься,2.3.2.3,2.3.2.3.3.
пренебречь,2.3.2.2,2.3.2.2.2.3.2.1.
пренебречь,2.3.2.2,2.3.2.2.2.3.3.
преодолеть,2.3.2.3,2.3.2.3.1.8.
препоручить,2.3.2.3,2.3.2.3.1.5.
претендовать,2.3.2.3,2.3.2.3.3.
претерпеть,2.3.2.3,2.3.2.3.4.
преувеличить,2.3.2.1,2.3.2.1.2.6.
преуменьшить,2.3.2.1,2.3.2.1.2.6.
приветствовать,2.3.2.3,2.3.2.3.1.7.1.
привлекать,2.3.2.1,2.3.2.1.4.2.
привлечение,2.3.2.1,2.3.2.1.4.2.
привлечь,2.3.2.1,2.3.2.1.4.2.
привлечь,2.3.2.2,2.3.2.2.2.2.3.1.2.
приволочь,2.3.2.3,2.3.2.3.1.2.2.
приворожить,2.3.2.2,2.3.2.2.2.2.2.2.
привыкнуть,2.3.2.1,2.3.2.1.5.1.
привязать,2.3.2.2,2.3.2.2.2.2.3.1.2.
привязаться,2.3.2.2,2.3.2.2.2.2.3.1.1.
приглянуться,2.3.2.2,2.3.2.2.2.2.3.1.2.
пригнать,2.3.2.3,2.3.2.3.1.2.2.
пригорюниться,2.3.2.2,2.3.2.2.3.4.1.
придумать,2.3.2.1,2.3.2.1.2.4.1.
придумать,2.3.2.3,2.3.2.3.1.4.
прижать,2.3.2.3,2.3.2.3.1.3.
призадуматься,2.3.2.1,2.3.2.1.2.2.
призвать,2.3.2.3,2.3.2.3.1.3.
призвать,2.3.2.3,2.3.2.3.3.
признать,2.3.2.3,2.3.2.3.1.7.1.
приказать,2.3.2.3,2.3.2.3.1.1.
прикинуть,2.3.2.1,2.3.2.1.2.1.
прикипеть,2.3.2.2,2.3.2.2.2.2.3.1.1.
приметить,2.3.2.1,2.3.2.1.4.1.
принимать,2.3.2.1,2.3.2.1.1.
принимать,2.3.2.1,2.3.2.1.3.3.
принудить,2.3.2.3,2.3.2.3.1.3.
принять,2.3.2.1,2.3.2.1.1.
принять,2.3.2.1,2.3.2.1.3.3.
припереть,2.3.2.3,2.3.2.3.1.3.
приписать,2.3.2.1,2.3.2.1.2.6.
припомнить,2.3.2.1,2.3.2.1.5.1.
припомниться,2.3.2.1,2.3.2.1.5.1.
прислать,2.3.2.3,2.3.2.3.1.2.1.2.
прислушаться,2.3.2.1,2.3.2.1.4.1.
присмотреться,2.3.2.1,2.3.2.1.3.3.
присоединиться,2.3.2.3,2.3.2.3.1.7.1.
присохнуть,2.3.2.2,2.3.2.2.2.2.2.1.
приспичить,2.3.2.3,2.3.2.3.3.
пристраститься,2.3.2.2,2.3.2.2.2.2.3.1.1.
притащить,2.3.2.3,2.3.2.3.1.2.2.
притерпеться,2.3.2.3,2.3.2.3.4.
притупиться,2.3.2.2,2.3.2.2.3.2.1.
притязать,2.3.2.3,2.3.2.3.3.
приуныть,2.3.2.2,2.3.2.2.3.4.1.
причесть,2.3.2.1,2.3.2.1.2.6.
причислить,2.3.2.1,2.3.2.1.2.6.
пришибить,2.3.2.2,2.3.2.2.2.3.4.2.
проведать,2.3.2.1,2.3.2.1.3.2.
проводить,2.3.2.3,2.3.2.3.1.2.1.1.
проглотить,2.3.2.2,2.3.2.2.2.3.6.1.
прогнать,2.3.2.3,2.3.2.3.1.2.1.1.
прогневать,2.3.2.2,2.3.2.2.2.3.7.2.
прогневаться,2.3.2.2,2.3.2.2.2.3.7.1.
прогневить,2.3.2.2,2.3.2.2.2.3.7.2.
продержать,2.3.2.3,2.3.2.3.1.3.
продумать,2.3.2.1,2.3.2.1.2.2.
проектирование,2.3.2.3,2.3.2.3.1.4.
проектировать,2.3.2.3,2.3.2.3.1.4.
прозреть,2.3.2.1,2.3.2.1.3.3.
промучиться,2.3.2.2,2.3.2.2.2.3.4.1.
пронзить,2.3.2.2,2.3.2.2.2.1.1.2.
проникнуть,2.3.2.1,2.3.2.1.3.3.
проникнуться,2.3.2.1,2.3.2.1.3.3.
проницать,2.3.2.1,2.3.2.1.3.1.
просмотреть,2.3.2.1,2.3.2.1.3.1.
протестовать,2.3.2.3,2.3.2.3.1.7.2.
прочувствовать,2.3.2.2,2.3.2.2.1.
психовать,2.3.2.2,2.3.2.2.2.3.5.1.
пугать,2.3.2.2,2.3.2.2.2.3.5.2.
пугать,2.3.2.3,2.3.2.3.1.2.1.3.
пугаться,2.3.2.2,2.3.2.2.2.3.5.1.
пустеть,2.3.2.2,2.3.2.2.4.1.
путаться,2.3.2.1,2.3.2.1.2.3.
пылать,2.3.2.2,2.3.2.2.2.1.1.1.
пытать,2.3.2.2,2.3.2.2.2.3.4.2.
пыхать,2.3.2.2,2.3.2.2.2.1.1.1.
пьянеть,2.3.2.2,2.3.2.2.2.1.1.1.
пьянить,2.3.2.2,2.3.2.2.2.1.1.2.
радовать,2.3.2.2,2.3.2.2.2.2.1.2.
радоваться,2.3.2.2,2.3.2.2.2.2.1.1.
разбежаться,2.3.2.1,2.3.2.1.2.3.
разбираться,2.3.2.1,2.3.2.1.3.1.
разведать,2.3.2.1,2.3.2.1.3.2.
развеселить,2.3.2.2,2.3.2.2.2.2.1.2.
развеселиться,2.3.2.2,2.3.2.2.2.2.1.1.
разволноваться,2.3.2.2,2.3.2.2.2.1.1.1.
разворошить,2.3.2.1,2.3.2.1.5.1.
развязать,2.3.2.3,2.3.2.3.1.6.1.
разгадать,2.3.2.1,2.3.2.1.2.5.
разгадать,2.3.2.1,2.3.2.1.3.1.
разглядеть,2.3.2.1,2.3.2.1.3.3.
разгневать,2.3.2.2,2.3.2.2.2.3.7.2.
разделить,2.3.2.1,2.3.2.1.2.6.
раздирать,2.3.2.2,2.3.2.2.2.3.4.2.
раздосадовать,2.3.2.2,2.3.2.2.2.3.6.2.
раздражить,2.3.2.2,2.3.2.2.2.3.6.2.
раздражиться,2.3.2.2,2.3.2.2.2.3.6.1.
раздразнить,2.3.2.3,2.3.2.3.3.
раздумать,2.3.2.3,2.3.2.3.1.4.
раздуматься,2.3.2.1,2.3.2.1.2.2.
раздумывать,2.3.2.1,2.3.2.1.2.2.
разжалобить,2.3.2.2,2.3.2.2.2.2.3.2.2.
разжечь,2.3.2.2,2.3.2.2.2.1.1.2.
разлюбить,2.3.2.2,2.3.2.2.2.2.2.1.
разлюбить,2.3.2.2,2.3.2.2.2.3.2.1.
размечтаться,2.3.2.1,2.3.2.1.2.4.2.
размыкать,2.3.2.2,2.3.2.2.3.2.1.
размыслить,2.3.2.1,2.3.2.1.2.2.
размышлять,2.3.2.1,2.3.2.1.2.2.
размягчить,2.3.2.2,2.3.2.2.2.2.3.2.2.
размякнуть,2.3.2.2,2.3.2.2.3.1.1.
разнежиться,2.3.2.2,2.3.2.2.3.1.1.
разнервничаться,2.3.2.2,2.3.2.2.2.3.5.1.
разобрать,2.3.2.1,2.3.2.1.3.3.
разобраться,2.3.2.1,2.3.2.1.3.1.
разобраться,2.3.2.1,2.3.2.1.3.3.
разогнать,2.3.2.3,2.3.2.3.1.2.1.1.
разомлеть,2.3.2.2,2.3.2.2.3.1.1.
разослать,2.3.2.3,2.3.2.3.1.2.1.2.
разочаровать,2.3.2.2,2.3.2.2.2.3.2.2.
разочароваться,2.3.2.2,2.3.2.2.2.3.2.1.
разрешать,2.3.2.1,2.3.2.1.3.3.
разрешать,2.3.2.3,2.3.2.3.1.6.1.
разрешить,2.3.2.1,2.3.2.1.3.3.
разрешить,2.3.2.3,2.3.2.3.1.6.1.
разубедить,2.3.2.1,2.3.2.1.6.2.
разузнать,2.3.2.1,2.3.2.1.3.2.
разуметь,2.3.2.1,2.3.2.1.3.1.
разуметь,2.3.2.1,2.3.2.1.3.3.
разъярить,2.3.2.2,2.3.2.2.2.3.7.2.
раскачать,2.3.2.3,2.3.2.3.1.3.
раскаяться,2.3.2.2,2.3.2.2.2.2.3.2.1.
раскрыть,2.3.2.1,2.3.2.1.3.1.
распалить,2.3.2.2,2.3.2.2.2.1.1.2.
распирать,2.3.2.2,2.3.2.2.2.1.1.1.
распознать,2.3.2.1,2.3.2.1.3.2.
располагать,2.3.2.3,2.3.2.3.1.4.
располагать,2.3.2.3,2.3.2.3.1.5.
расположить,2.3.2.2,2.3.2.2.2.2.3.1.2.
расположить,2.3.2.3,2.3.2.3.3.
расположиться,2.3.2.2,2.3.2.2.2.2.3.1.1.
расположиться,2.3.2.3,2.3.2.3.1.4.
распорядиться,2.3.2.3,2.3.2.3.1.4.
распорядиться,2.3.2.3,2.3.2.3.1.5.
распугать,2.3.2.3,2.3.2.3.1.2.1.3.
рассадить,2.3.2.3,2.3.2.3.1.2.2.
рассеять,2.3.2.3,2.3.2.3.1.2.1.1.
рассматриваться,2.3.2.1,2.3.2.1.3.1.
рассмотреть,2.3.2.1,2.3.2.1.3.1.
расстроить,2.3.2.2,2.3.2.2.3.4.2.
расстроиться,2.3.2.2,2.3.2.2.3.4.1.
рассудить,2.3.2.1,2.3.2.1.2.2.
рассудить,2.3.2.3,2.3.2.3.1.4.
рассуждать,2.3.2.1,2.3.2.1.2.2.
рассчитать,2.3.2.1,2.3.2.1.2.5.
рассчитывать,2.3.2.1,2.3.2.1.2.5.
рассчитывать,2.3.2.1,2.3.2.1.6.4.
растерзать,2.3.2.2,2.3.2.2.2.3.4.2.
растеряться,2.3.2.2,2.3.2.2.2.3.5.1.
растревожить,2.3.2.2,2.3.2.2.2.3.5.2.
растрогать,2.3.2.2,2.3.2.2.2.2.3.2.2.
расхотеться,2.3.2.3,2.3.2.3.3.
расценить,2.3.2.1,2.3.2.1.2.6.
расчесть,2.3.2.1,2.3.2.1.2.5.
расчувствоваться,2.3.2.2,2.3.2.2.2.2.3.2.1.
расшевелить,2.3.2.2,2.3.2.2.2.1.1.2.
рваться,2.3.2.3,2.3.2.3.3.
реагировать,2.3.2.1,2.3.2.1.2.6.
реализация,2.3.2.1,2.3.2.1.3.3.
ревновать,2.3.2.2,2.3.2.2.2.3.1.
решить,2.3.2.3,2.3.2.3.1.1.
решить,2.3.2.3,2.3.2.3.1.4.
решиться,2.3.2.3,2.3.2.3.1.4.
рисовать,2.3.2.1,2.3.2.1.2.4.2.
рисоваться,2.3.2.1,2.3.2.1.2.4.2.
робеть,2.3.2.2,2.3.2.2.2.3.5.2.
сажать,2.3.2.3,2.3.2.3.1.3.
сатанеть,2.3.2.2,2.3.2.2.2.3.7.1.
сваливать,2.3.2.3,2.3.2.3.1.5.
сведать,2.3.2.1,2.3.2.1.3.2.
сверлить,2.3.2.1,2.3.2.1.2.2.
светить,2.3.2.2,2.3.2.2.2.2.3.1.2.
светлеть,2.3.2.2,2.3.2.2.4.2.1.
светлеть,2.3.2.2,2.3.2.2.4.3.
свирепеть,2.3.2.2,2.3.2.2.2.3.7.1.
сгладить,2.3.2.2,2.3.2.2.3.2.2.
сгорать,2.3.2.2,2.3.2.2.2.1.1.1.
сдаваться,2.3.2.1,2.3.2.1.2.4.1.
сдавливать,2.3.2.2,2.3.2.2.3.4.2.
сдержать,2.3.2.3,2.3.2.3.1.8.
сдерживать,2.3.2.3,2.3.2.3.1.8.
сердить,2.3.2.2,2.3.2.2.2.3.7.2.
сердиться,2.3.2.2,2.3.2.2.2.3.7.1.
серчать,2.3.2.2,2.3.2.2.2.3.7.1.
сечь,2.3.2.1,2.3.2.1.3.1.
сечь,2.3.2.1,2.3.2.1.3.3.
сжалиться,2.3.2.2,2.3.2.2.2.2.3.2.1.
сжать,2.3.2.2,2.3.2.2.3.3.2.
сжать,2.3.2.2,2.3.2.2.3.4.2.
симпатизировать,2.3.2.2,2.3.2.2.2.2.3.1.1.
скисать,2.3.2.2,2.3.2.2.3.3.1.
скиснуть,2.3.2.2,2.3.2.2.3.3.1.
склониться,2.3.2.3,2.3.2.3.1.4.
сковать,2.3.2.2,2.3.2.2.2.3.5.2.
скорбеть,2.3.2.2,2.3.2.2.3.4.1.
скрести,2.3.2.2,2.3.2.2.2.3.5.1.
скудеть,2.3.2.2,2.3.2.2.4.2.2.
скучать,2.3.2.2,2.3.2.2.3.3.1.
скучать,2.3.2.2,2.3.2.2.3.4.1.
слабеть,2.3.2.2,2.3.2.2.4.1.
слабнуть,2.3.2.2,2.3.2.2.4.1.
следить,2.3.2.1,2.3.2.1.3.1.
сломаться,2.3.2.2,2.3.2.2.2.3.4.1.
слышать,2.3.2.1,2.3.2.1.3.1.
слюбиться,2.3.2.2,2.3.2.2.2.2.2.1.
смаковать,2.3.2.2,2.3.2.2.2.2.3.1.1.
смекать,2.3.2.1,2.3.2.1.3.3.
смирить,2.3.2.2,2.3.2.2.3.2.2.
смотреть,2.3.2.1,2.3.2.1.2.6.
смотреть,2.3.2.1,2.3.2.1.3.1.
смотреть,2.3.2.1,2.3.2.1.4.1.
смочь,2.3.2.3,2.3.2.3.1.8.
смутить,2.3.2.2,2.3.2.2.3.5.2.
смутиться,2.3.2.2,2.3.2.2.3.5.1.
смыслить,2.3.2.1,2.3.2.1.3.3.
смягчить,2.3.2.2,2.3.2.2.3.2.2.
смягчиться,2.3.2.2,2.3.2.2.3.2.1.
смягчиться,2.3.2.2,2.3.2.2.4.3.
снедать,2.3.2.2,2.3.2.2.2.3.4.2.
снести,2.3.2.3,2.3.2.3.4.
снизойти,2.3.2.2,2.3.2.2.2.2.3.2.1.
снизойти,2.3.2.3,2.3.2.3.1.4.
сникать,2.3.2.2,2.3.2.2.3.3.1.
собираться,2.3.2.3,2.3.2.3.4.
соблаговолить,2.3.2.3,2.3.2.3.1.7.1.
соблазниться,2.3.2.3,2.3.2.3.3.
соболезновать,2.3.2.2,2.3.2.2.2.2.3.2.1.
собрать,2.3.2.3,2.3.2.3.1.2.2.
собрать,2.3.2.3,2.3.2.3.4.
собраться,2.3.2.3,2.3.2.3.1.8.
собраться,2.3.2.3,2.3.2.3.4.
совеститься,2.3.2.2,2.3.2.2.3.5.1.
совратить,2.3.2.3,2.3.2.3.2.1.
согласиться,2.3.2.3,2.3.2.3.1.7.1.
согласовать,2.3.2.3,2.3.2.3.1.7.1.
согнать,2.3.2.3,2.3.2.3.1.2.1.1.
согнать,2.3.2.3,2.3.2.3.1.2.2.
сожалеть,2.3.2.2,2.3.2.2.2.2.3.1.1.
сознать,2.3.2.1,2.3.2.1.3.3.
соизволить,2.3.2.3,2.3.2.3.3.
сойтись,2.3.2.3,2.3.2.3.1.7.1.
сокрушаться,2.3.2.2,2.3.2.2.3.4.1.
сокрушить,2.3.2.2,2.3.2.2.3.4.2.
сомневаться,2.3.2.1,2.3.2.1.2.5.
соображать,2.3.2.1,2.3.2.1.2.1.
соображать,2.3.2.1,2.3.2.1.3.1.
сообразить,2.3.2.1,2.3.2.1.2.2.
сообразить,2.3.2.1,2.3.2.1.3.3.
соскучиться,2.3.2.2,2.3.2.2.3.3.1.
соскучиться,2.3.2.2,2.3.2.2.3.4.1.
сосредоточить,2.3.2.1,2.3.2.1.2.2.
сосредоточиться,2.3.2.1,2.3.2.1.2.2.
сострадать,2.3.2.2,2.3.2.2.2.2.3.2.1.
сохнуть,2.3.2.2,2.3.2.2.2.2.2.1.
сочувствовать,2.3.2.2,2.3.2.2.2.2.3.1.1.
сочувствовать,2.3.2.2,2.3.2.2.2.2.3.2.1.
сплавить,2.3.2.3,2.3.2.3.1.2.1.1.
спохватиться,2.3.2.1,2.3.2.1.5.1.
справиться,2.3.2.3,2.3.2.3.1.8.
спровадить,2.3.2.3,2.3.2.3.1.2.1.1.
спросить,2.3.2.3,2.3.2.3.1.1.
спугнуть,2.3.2.3,2.3.2.3.1.2.1.3.
сразить,2.3.2.2,2.3.2.2.2.1.1.2.
ставить,2.3.2.1,2.3.2.1.2.6.
стараться,2.3.2.3,2.3.2.3.3.
стерпеть,2.3.2.3,2.3.2.3.4.
стесняться,2.3.2.2,2.3.2.2.3.5.1.
стимулирование,2.3.2.3,2.3.2.3.2.1.
стимуляция,2.3.2.3,2.3.2.3.2.1.
столбенеть,2.3.2.2,2.3.2.2.4.1.
столкнуться,2.3.2.1,2.3.2.1.3.1.
стосковаться,2.3.2.2,2.3.2.2.3.4.1.
стоять,2.3.2.3,2.3.2.3.1.1.
страдать,2.3.2.2,2.3.2.2.2.2.3.2.1.
страдать,2.3.2.2,2.3.2.2.2.3.4.1.
страшить,2.3.2.2,2.3.2.2.2.3.5.2.
страшиться,2.3.2.2,2.3.2.2.2.3.5.1.
стращать,2.3.2.2,2.3.2.2.2.3.5.2.
стремиться,2.3.2.3,2.3.2.3.3.
струхнуть,2.3.2.2,2.3.2.2.2.3.5.1.
стыдиться,2.3.2.2,2.3.2.2.3.5.1.
стянуть,2.3.2.3,2.3.2.3.1.2.2.
судить,2.3.2.1,2.3.2.1.2.6.
судить,2.3.2.3,2.3.2.3.1.4.
схватить,2.3.2.1,2.3.2.1.3.3.
считать,2.3.2.1,2.3.2.1.2.6.
считаться,2.3.2.1,2.3.2.1.4.1.
таскать,2.3.2.3,2.3.2.3.1.3.
тащить,2.3.2.3,2.3.2.3.1.3.
таять,2.3.2.2,2.3.2.2.3.1.1.
твердеть,2.3.2.2,2.3.2.2.4.2.1.
теплеть,2.3.2.2,2.3.2.2.4.3.
терзать,2.3.2.2,2.3.2.2.2.3.4.2.
терзаться,2.3.2.2,2.3.2.2.2.3.4.1.
терпеть,2.3.2.3,2.3.2.3.4.
терпеться,2.3.2.3,2.3.2.3.4.
теснить,2.3.2.2,2.3.2.2.2.3.4.2.
тешить,2.3.2.2,2.3.2.2.2.2.3.1.2.
тешиться,2.3.2.2,2.3.2.2.2.2.3.1.1.
толкать,2.3.2.3,2.3.2.3.2.1.
томить,2.3.2.2,2.3.2.2.2.3.4.2.
томиться,2.3.2.2,2.3.2.2.2.3.4.1.
томиться,2.3.2.2,2.3.2.2.2.3.5.1.
томиться,2.3.2.2,2.3.2.2.3.1.1.
томиться,2.3.2.2,2.3.2.2.3.3.1.
торжествовать,2.3.2.2,2.3.2.2.2.2.1.1.
торопить,2.3.2.3,2.3.2.3.2.3.
тосковать,2.3.2.2,2.3.2.2.3.3.1.
тосковать,2.3.2.2,2.3.2.2.3.4.1.
точить,2.3.2.2,2.3.2.2.2.3.4.2.
травмировать,2.3.2.2,2.3.2.2.2.3.4.2.
требовать,2.3.2.3,2.3.2.3.1.1.
требовать,2.3.2.3,2.3.2.3.1.5.
тревожить,2.3.2.2,2.3.2.2.2.3.5.2.
тревожиться,2.3.2.2,2.3.2.2.2.3.5.1.
трезветь,2.3.2.2,2.3.2.2.4.2.1.
трепетать,2.3.2.2,2.3.2.2.2.1.1.1.
трепетать,2.3.2.2,2.3.2.2.2.3.5.1.
трепыхаться,2.3.2.2,2.3.2.2.2.3.5.1.
трогать,2.3.2.2,2.3.2.2.2.2.3.2.2.
тронуться,2.3.2.2,2.3.2.2.2.2.3.2.1.
трусить,2.3.2.2,2.3.2.2.2.3.5.1.
трястись,2.3.2.2,2.3.2.2.2.3.5.1.
тужить,2.3.2.2,2.3.2.2.3.4.1.
туманить,2.3.2.1,2.3.2.1.2.3.
тупеть,2.3.2.2,2.3.2.2.4.1.
тыкать,2.3.2.3,2.3.2.3.1.2.1.2.
тяготеть,2.3.2.1,2.3.2.1.4.2.
тяготить,2.3.2.2,2.3.2.2.2.3.4.2.
тяготиться,2.3.2.2,2.3.2.2.2.3.4.1.
тянуть,2.3.2.1,2.3.2.1.4.2.
тянуть,2.3.2.3,2.3.2.3.1.3.
тянуть,2.3.2.3,2.3.2.3.3.
тянуться,2.3.2.3,2.3.2.3.3.
убедить,2.3.2.1,2.3.2.1.6.2.
убедиться,2.3.2.1,2.3.2.1.6.2.
убиваться,2.3.2.2,2.3.2.2.2.3.4.1.
убить,2.3.2.2,2.3.2.2.2.3.4.2.
ублажить,2.3.2.2,2.3.2.2.2.2.3.1.2.
убояться,2.3.2.2,2.3.2.2.2.3.5.1.
уважать,2.3.2.2,2.3.2.2.2.2.3.1.1.
уважать,2.3.2.2,2.3.2.2.2.2.4.
увериться,2.3.2.1,2.3.2.1.6.2.
уверовать,2.3.2.1,2.3.2.1.6.1.
увеселять,2.3.2.2,2.3.2.2.2.2.1.2.
увлечь,2.3.2.1,2.3.2.1.4.2.
увлечь,2.3.2.2,2.3.2.2.2.1.1.2.
увлечь,2.3.2.2,2.3.2.2.2.2.2.2.
увлечь,2.3.2.2,2.3.2.2.2.2.3.1.2.
увлечься,2.3.2.1,2.3.2.1.4.2.
увлечься,2.3.2.2,2.3.2.2.2.1.1.1.
увлечься,2.3.2.2,2.3.2.2.2.2.2.1.
увлечься,2.3.2.2,2.3.2.2.2.2.3.1.1.
угадать,2.3.2.1,2.3.2.1.2.5.
углубиться,2.3.2.1,2.3.2.1.2.2.
угнетать,2.3.2.1,2.3.2.1.2.1.
угнетать,2.3.2.2,2.3.2.2.2.3.5.2.
угодить,2.3.2.2,2.3.2.2.2.2.3.1.2.
удалить,2.3.2.3,2.3.2.3.1.3.
удержать,2.3.2.3,2.3.2.3.1.3.
удержать,2.3.2.3,2.3.2.3.1.8.
удержаться,2.3.2.3,2.3.2.3.1.8.
удивить,2.3.2.2,2.3.2.2.2.1.2.2.
удивиться,2.3.2.2,2.3.2.2.2.1.2.1.
удовлетворить,2.3.2.2,2.3.2.2.2.2.3.1.2.
удовлетворить,2.3.2.3,2.3.2.3.1.7.1.
удовлетвориться,2.3.2.2,2.3.2.2.2.2.3.1.1.
удовлетвориться,2.3.2.3,2.3.2.3.1.7.1.
удовольствоваться,2.3.2.3,2.3.2.3.1.7.1.
удостовериться,2.3.2.1,2.3.2.1.6.2.
удручить,2.3.2.2,2.3.2.2.2.3.4.2.
удумать,2.3.2.1,2.3.2.1.2.4.1.
удумать,2.3.2.3,2.3.2.3.1.4.
ужаснуться,2.3.2.2,2.3.2.2.2.3.5.1.
узаконить,2.3.2.3,2.3.2.3.1.6.1.
узнать,2.3.2.1,2.3.2.1.3.1.
узнать,2.3.2.1,2.3.2.1.3.2.
узнать,2.3.2.1,2.3.2.1.3.3.
указать,2.3.2.3,2.3.2.3.1.5.
укрепить,2.3.2.3,2.3.2.3.2.2.
уловить,2.3.2.1,2.3.2.1.3.3.
умалить,2.3.2.1,2.3.2.1.2.6.
умилить,2.3.2.2,2.3.2.2.2.2.2.2.
умирать,2.3.2.2,2.3.2.2.2.1.1.1.
умиротворить,2.3.2.2,2.3.2.2.3.2.2.
умнеть,2.3.2.2,2.3.2.2.4.2.1.
умствовать,2.3.2.1,2.3.2.1.2.2.
умудрить,2.3.2.1,2.3.2.1.2.1.
унывать,2.3.2.2,2.3.2.2.3.4.1.
упиться,2.3.2.2,2.3.2.2.2.1.1.1.
уповать,2.3.2.1,2.3.2.1.6.4.
упомнить,2.3.2.1,2.3.2.1.5.1.
упрятать,2.3.2.3,2.3.2.3.1.3.
упустить,2.3.2.1,2.3.2.1.5.2.
уразуметь,2.3.2.1,2.3.2.1.3.3.
усадить,2.3.2.3,2.3.2.3.1.2.1.2.
усвоить,2.3.2.1,2.3.2.1.3.1.
усвоить,2.3.2.1,2.3.2.1.5.1.
усладить,2.3.2.2,2.3.2.2.2.2.1.2.
услать,2.3.2.3,2.3.2.3.1.2.1.2.
уследить,2.3.2.1,2.3.2.1.3.1.
усмирить,2.3.2.2,2.3.2.2.3.2.2.
усмотреть,2.3.2.1,2.3.2.1.3.3.
усомниться,2.3.2.1,2.3.2.1.2.5.
успокоить,2.3.2.2,2.3.2.2.3.2.2.
успокоиться,2.3.2.2,2.3.2.2.2.3.3.
успокоиться,2.3.2.2,2.3.2.2.3.2.1.
устанавливать,2.3.2.1,2.3.2.1.3.1.
установить,2.3.2.1,2.3.2.1.3.1.
установить,2.3.2.3,2.3.2.3.1.5.
устать,2.3.2.2,2.3.2.2.2.3.2.1.
устоять,2.3.2.3,2.3.2.3.1.8.
устрашить,2.3.2.2,2.3.2.2.2.3.5.2.
устрашиться,2.3.2.2,2.3.2.2.2.3.5.1.
устремить,2.3.2.3,2.3.2.3.1.2.1.2.
устремляться,2.3.2.3,2.3.2.3.3.
уступить,2.3.2.3,2.3.2.3.1.7.1.
уступить,2.3.2.3,2.3.2.3.1.7.2.
усыпить,2.3.2.2,2.3.2.2.3.2.2.
усыпить,2.3.2.3,2.3.2.3.1.3.
утвердить,2.3.2.1,2.3.2.1.6.2.
утвердить,2.3.2.3,2.3.2.3.1.5.
утвердить,2.3.2.3,2.3.2.3.2.2.
утвердиться,2.3.2.1,2.3.2.1.6.2.
утереться,2.3.2.2,2.3.2.2.2.3.6.1.
утерпеть,2.3.2.3,2.3.2.3.4.
утешиться,2.3.2.2,2.3.2.2.3.2.1.
утишить,2.3.2.2,2.3.2.2.3.2.2.
утолить,2.3.2.2,2.3.2.2.3.2.2.
ухватить,2.3.2.1,2.3.2.1.3.3.
учесть,2.3.2.1,2.3.2.1.4.1.
ушибить,2.3.2.2,2.3.2.2.2.3.4.2.
уяснить,2.3.2.1,2.3.2.1.3.1.
уяснить,2.3.2.1,2.3.2.1.3.3.
фантазировать,2.3.2.1,2.3.2.1.2.4.2.
фиксировать,2.3.2.1,2.3.2.1.5.1.
философствовать,2.3.2.1,2.3.2.1.2.2.
хандрить,2.3.2.2,2.3.2.2.3.3.1.
хватиться,2.3.2.1,2.3.2.1.5.1.
холодеть,2.3.2.2,2.3.2.2.4.1.
холодеть,2.3.2.2,2.3.2.2.4.3.
хоронить,2.3.2.1,2.3.2.1.5.2.
хотеть,2.3.2.3,2.3.2.3.3.
хотеться,2.3.2.3,2.3.2.3.3.
целить,2.3.2.3,2.3.2.3.3.
целиться,2.3.2.3,2.3.2.3.3.
ценить,2.3.2.1,2.3.2.1.2.6.
цепенеть,2.3.2.2,2.3.2.2.4.1.
чаровать,2.3.2.2,2.3.2.2.2.2.1.2.
чахнуть,2.3.2.2,2.3.2.2.2.2.2.1.
чаять,2.3.2.1,2.3.2.1.6.4.
черстветь,2.3.2.2,2.3.2.2.4.3.
читать,2.3.2.1,2.3.2.1.3.3.
чихать,2.3.2.2,2.3.2.2.2.3.3.
чтить,2.3.2.2,2.3.2.2.2.2.4.
чувствовать,2.3.2.2,2.3.2.2.1.
чудиться,2.3.2.1,2.3.2.1.2.4.2.
чуждаться,2.3.2.2,2.3.2.2.2.3.3.
чуять,2.3.2.2,2.3.2.2.1.
щекотать,2.3.2.2,2.3.2.2.2.1.1.2.
щемить,2.3.2.2,2.3.2.2.3.4.2.
яриться,2.3.2.2,2.3.2.2.2.3.7.1.
